timestamp,header,cpu_usage,free_ram,total_ram,disk_usage,total_disk_space,device_tmp,up_time,available_networks
2023-12-19 12:10:26.203417623,"std_msgs__msg__Header(stamp=builtin_interfaces__msg__Time(sec=1702987826, nanosec=946669722, __msgtype__='builtin_interfaces/msg/Time'), frame_id='status-196', __msgtype__='std_msgs/msg/Header')",[80 96 64 86],3098,3928,3734,29151,28.0,2773,"[ccpm_msgs__msg__NetworkStatus(interface_name='eth0', ip='192.168.4.12', rx_bytes=558910, tx_bytes=64298736, __msgtype__='ccpm_msgs/msg/NetworkStatus'), ccpm_msgs__msg__NetworkStatus(interface_name='can0', ip='N/A', rx_bytes=84722531, tx_bytes=74034824, __msgtype__='ccpm_msgs/msg/NetworkStatus'), ccpm_msgs__msg__NetworkStatus(interface_name='can1', ip='N/A', rx_bytes=83671180, tx_bytes=79251556, __msgtype__='ccpm_msgs/msg/NetworkStatus'), ccpm_msgs__msg__NetworkStatus(interface_name='mlan0', ip='N/A', rx_bytes=0, tx_bytes=0, __msgtype__='ccpm_msgs/msg/NetworkStatus'), ccpm_msgs__msg__NetworkStatus(interface_name='hotspot', ip='192.168.12.1', rx_bytes=787698, tx_bytes=4686831, __msgtype__='ccpm_msgs/msg/NetworkStatus'), ccpm_msgs__msg__NetworkStatus(interface_name='wwan0', ip='100.76.73.254', rx_bytes=4819825, tx_bytes=1497266, __msgtype__='ccpm_msgs/msg/NetworkStatus')]"
2023-12-19 12:10:27.203750077,"std_msgs__msg__Header(stamp=builtin_interfaces__msg__Time(sec=1702987827, nanosec=946971079, __msgtype__='builtin_interfaces/msg/Time'), frame_id='status-197', __msgtype__='std_msgs/msg/Header')",[100  88  82  70],3098,3928,3734,29151,27.0,2774,"[ccpm_msgs__msg__NetworkStatus(interface_name='eth0', ip='192.168.4.12', rx_bytes=559652, tx_bytes=65860822, __msgtype__='ccpm_msgs/msg/NetworkStatus'), ccpm_msgs__msg__NetworkStatus(interface_name='can0', ip='N/A', rx_bytes=84742047, tx_bytes=74050472, __msgtype__='ccpm_msgs/msg/NetworkStatus'), ccpm_msgs__msg__NetworkStatus(interface_name='can1', ip='N/A', rx_bytes=83690227, tx_bytes=79268995, __msgtype__='ccpm_msgs/msg/NetworkStatus'), ccpm_msgs__msg__NetworkStatus(interface_name='mlan0', ip='N/A', rx_bytes=0, tx_bytes=0, __msgtype__='ccpm_msgs/msg/NetworkStatus'), ccpm_msgs__msg__NetworkStatus(interface_name='hotspot', ip='192.168.12.1', rx_bytes=787698, tx_bytes=4686831, __msgtype__='ccpm_msgs/msg/NetworkStatus'), ccpm_msgs__msg__NetworkStatus(interface_name='wwan0', ip='100.76.73.254', rx_bytes=4819825, tx_bytes=1497266, __msgtype__='ccpm_msgs/msg/NetworkStatus')]"
2023-12-19 12:10:28.204252438,"std_msgs__msg__Header(stamp=builtin_interfaces__msg__Time(sec=1702987828, nanosec=947312682, __msgtype__='builtin_interfaces/msg/Time'), frame_id='status-198', __msgtype__='std_msgs/msg/Header')",[100  96  76  75],3098,3928,3734,29151,27.0,2775,"[ccpm_msgs__msg__NetworkStatus(interface_name='eth0', ip='192.168.4.12', rx_bytes=560076, tx_bytes=67268812, __msgtype__='ccpm_msgs/msg/NetworkStatus'), ccpm_msgs__msg__NetworkStatus(interface_name='can0', ip='N/A', rx_bytes=84760074, tx_bytes=74064624, __msgtype__='ccpm_msgs/msg/NetworkStatus'), ccpm_msgs__msg__NetworkStatus(interface_name='can1', ip='N/A', rx_bytes=83707867, tx_bytes=79285019, __msgtype__='ccpm_msgs/msg/NetworkStatus'), ccpm_msgs__msg__NetworkStatus(interface_name='mlan0', ip='N/A', rx_bytes=0, tx_bytes=0, __msgtype__='ccpm_msgs/msg/NetworkStatus'), ccpm_msgs__msg__NetworkStatus(interface_name='hotspot', ip='192.168.12.1', rx_bytes=787698, tx_bytes=4686831, __msgtype__='ccpm_msgs/msg/NetworkStatus'), ccpm_msgs__msg__NetworkStatus(interface_name='wwan0', ip='100.76.73.254', rx_bytes=4819825, tx_bytes=1497266, __msgtype__='ccpm_msgs/msg/NetworkStatus')]"
2023-12-19 12:10:29.204558056,"std_msgs__msg__Header(stamp=builtin_interfaces__msg__Time(sec=1702987829, nanosec=947709530, __msgtype__='builtin_interfaces/msg/Time'), frame_id='status-199', __msgtype__='std_msgs/msg/Header')",[98 91 75 88],3098,3928,3734,29151,28.0,2776,"[ccpm_msgs__msg__NetworkStatus(interface_name='eth0', ip='192.168.4.12', rx_bytes=560606, tx_bytes=68461100, __msgtype__='ccpm_msgs/msg/NetworkStatus'), ccpm_msgs__msg__NetworkStatus(interface_name='can0', ip='N/A', rx_bytes=84776422, tx_bytes=74077104, __msgtype__='ccpm_msgs/msg/NetworkStatus'), ccpm_msgs__msg__NetworkStatus(interface_name='can1', ip='N/A', rx_bytes=83723935, tx_bytes=79299471, __msgtype__='ccpm_msgs/msg/NetworkStatus'), ccpm_msgs__msg__NetworkStatus(interface_name='mlan0', ip='N/A', rx_bytes=0, tx_bytes=0, __msgtype__='ccpm_msgs/msg/NetworkStatus'), ccpm_msgs__msg__NetworkStatus(interface_name='hotspot', ip='192.168.12.1', rx_bytes=788014, tx_bytes=4686831, __msgtype__='ccpm_msgs/msg/NetworkStatus'), ccpm_msgs__msg__NetworkStatus(interface_name='wwan0', ip='100.76.73.254', rx_bytes=4819825, tx_bytes=1497266, __msgtype__='ccpm_msgs/msg/NetworkStatus')]"
2023-12-19 12:10:30.204868340,"std_msgs__msg__Header(stamp=builtin_interfaces__msg__Time(sec=1702987830, nanosec=948054379, __msgtype__='builtin_interfaces/msg/Time'), frame_id='status-200', __msgtype__='std_msgs/msg/Header')",[96 78 94 75],3098,3928,3734,29151,28.0,2777,"[ccpm_msgs__msg__NetworkStatus(interface_name='eth0', ip='192.168.4.12', rx_bytes=562726, tx_bytes=69782418, __msgtype__='ccpm_msgs/msg/NetworkStatus'), ccpm_msgs__msg__NetworkStatus(interface_name='can0', ip='N/A', rx_bytes=84793898, tx_bytes=74090712, __msgtype__='ccpm_msgs/msg/NetworkStatus'), ccpm_msgs__msg__NetworkStatus(interface_name='can1', ip='N/A', rx_bytes=83741266, tx_bytes=79315194, __msgtype__='ccpm_msgs/msg/NetworkStatus'), ccpm_msgs__msg__NetworkStatus(interface_name='mlan0', ip='N/A', rx_bytes=0, tx_bytes=0, __msgtype__='ccpm_msgs/msg/NetworkStatus'), ccpm_msgs__msg__NetworkStatus(interface_name='hotspot', ip='192.168.12.1', rx_bytes=788176, tx_bytes=4686831, __msgtype__='ccpm_msgs/msg/NetworkStatus'), ccpm_msgs__msg__NetworkStatus(interface_name='wwan0', ip='100.76.73.254', rx_bytes=4819825, tx_bytes=1497266, __msgtype__='ccpm_msgs/msg/NetworkStatus')]"
2023-12-19 12:10:31.205301888,"std_msgs__msg__Header(stamp=builtin_interfaces__msg__Time(sec=1702987831, nanosec=948355226, __msgtype__='builtin_interfaces/msg/Time'), frame_id='status-201', __msgtype__='std_msgs/msg/Header')",[100  85  82  87],3098,3928,3734,29151,27.0,2778,"[ccpm_msgs__msg__NetworkStatus(interface_name='eth0', ip='192.168.4.12', rx_bytes=563150, tx_bytes=71095558, __msgtype__='ccpm_msgs/msg/NetworkStatus'), ccpm_msgs__msg__NetworkStatus(interface_name='can0', ip='N/A', rx_bytes=84811398, tx_bytes=74104344, __msgtype__='ccpm_msgs/msg/NetworkStatus'), ccpm_msgs__msg__NetworkStatus(interface_name='can1', ip='N/A', rx_bytes=83758591, tx_bytes=79330911, __msgtype__='ccpm_msgs/msg/NetworkStatus'), ccpm_msgs__msg__NetworkStatus(interface_name='mlan0', ip='N/A', rx_bytes=0, tx_bytes=0, __msgtype__='ccpm_msgs/msg/NetworkStatus'), ccpm_msgs__msg__NetworkStatus(interface_name='hotspot', ip='192.168.12.1', rx_bytes=788176, tx_bytes=4686831, __msgtype__='ccpm_msgs/msg/NetworkStatus'), ccpm_msgs__msg__NetworkStatus(interface_name='wwan0', ip='100.76.73.254', rx_bytes=4819825, tx_bytes=1497266, __msgtype__='ccpm_msgs/msg/NetworkStatus')]"
2023-12-19 12:10:32.205490607,"std_msgs__msg__Header(stamp=builtin_interfaces__msg__Time(sec=1702987832, nanosec=948631572, __msgtype__='builtin_interfaces/msg/Time'), frame_id='status-202', __msgtype__='std_msgs/msg/Header')",[98 92 57 75],3098,3928,3734,29151,28.0,2779,"[ccpm_msgs__msg__NetworkStatus(interface_name='eth0', ip='192.168.4.12', rx_bytes=563786, tx_bytes=72521010, __msgtype__='ccpm_msgs/msg/NetworkStatus'), ccpm_msgs__msg__NetworkStatus(interface_name='can0', ip='N/A', rx_bytes=84828242, tx_bytes=74117320, __msgtype__='ccpm_msgs/msg/NetworkStatus'), ccpm_msgs__msg__NetworkStatus(interface_name='can1', ip='N/A', rx_bytes=83774876, tx_bytes=79345588, __msgtype__='ccpm_msgs/msg/NetworkStatus'), ccpm_msgs__msg__NetworkStatus(interface_name='mlan0', ip='N/A', rx_bytes=0, tx_bytes=0, __msgtype__='ccpm_msgs/msg/NetworkStatus'), ccpm_msgs__msg__NetworkStatus(interface_name='hotspot', ip='192.168.12.1', rx_bytes=788176, tx_bytes=4686831, __msgtype__='ccpm_msgs/msg/NetworkStatus'), ccpm_msgs__msg__NetworkStatus(interface_name='wwan0', ip='100.76.73.254', rx_bytes=4819825, tx_bytes=1497266, __msgtype__='ccpm_msgs/msg/NetworkStatus')]"
2023-12-19 12:10:33.205993522,"std_msgs__msg__Header(stamp=builtin_interfaces__msg__Time(sec=1702987833, nanosec=948926665, __msgtype__='builtin_interfaces/msg/Time'), frame_id='status-203', __msgtype__='std_msgs/msg/Header')",[97 97 77 89],3098,3928,3734,29151,28.0,2780,"[ccpm_msgs__msg__NetworkStatus(interface_name='eth0', ip='192.168.4.12', rx_bytes=565058, tx_bytes=74067994, __msgtype__='ccpm_msgs/msg/NetworkStatus'), ccpm_msgs__msg__NetworkStatus(interface_name='can0', ip='N/A', rx_bytes=84846974, tx_bytes=74132184, __msgtype__='ccpm_msgs/msg/NetworkStatus'), ccpm_msgs__msg__NetworkStatus(interface_name='can1', ip='N/A', rx_bytes=83792673, tx_bytes=79361777, __msgtype__='ccpm_msgs/msg/NetworkStatus'), ccpm_msgs__msg__NetworkStatus(interface_name='mlan0', ip='N/A', rx_bytes=0, tx_bytes=0, __msgtype__='ccpm_msgs/msg/NetworkStatus'), ccpm_msgs__msg__NetworkStatus(interface_name='hotspot', ip='192.168.12.1', rx_bytes=788176, tx_bytes=4686831, __msgtype__='ccpm_msgs/msg/NetworkStatus'), ccpm_msgs__msg__NetworkStatus(interface_name='wwan0', ip='100.76.73.254', rx_bytes=4819825, tx_bytes=1497266, __msgtype__='ccpm_msgs/msg/NetworkStatus')]"
2023-12-19 12:10:34.206605558,"std_msgs__msg__Header(stamp=builtin_interfaces__msg__Time(sec=1702987834, nanosec=949628865, __msgtype__='builtin_interfaces/msg/Time'), frame_id='status-204', __msgtype__='std_msgs/msg/Header')",[100  93  83  83],3098,3928,3734,29151,28.0,2781,"[ccpm_msgs__msg__NetworkStatus(interface_name='eth0', ip='192.168.4.12', rx_bytes=566118, tx_bytes=75550008, __msgtype__='ccpm_msgs/msg/NetworkStatus'), ccpm_msgs__msg__NetworkStatus(interface_name='can0', ip='N/A', rx_bytes=84866242, tx_bytes=74147576, __msgtype__='ccpm_msgs/msg/NetworkStatus'), ccpm_msgs__msg__NetworkStatus(interface_name='can1', ip='N/A', rx_bytes=83811957, tx_bytes=79379453, __msgtype__='ccpm_msgs/msg/NetworkStatus'), ccpm_msgs__msg__NetworkStatus(interface_name='mlan0', ip='N/A', rx_bytes=0, tx_bytes=0, __msgtype__='ccpm_msgs/msg/NetworkStatus'), ccpm_msgs__msg__NetworkStatus(interface_name='hotspot', ip='192.168.12.1', rx_bytes=788260, tx_bytes=4686831, __msgtype__='ccpm_msgs/msg/NetworkStatus'), ccpm_msgs__msg__NetworkStatus(interface_name='wwan0', ip='100.76.73.254', rx_bytes=4819825, tx_bytes=1497266, __msgtype__='ccpm_msgs/msg/NetworkStatus')]"
2023-12-19 12:10:35.207269758,"std_msgs__msg__Header(stamp=builtin_interfaces__msg__Time(sec=1702987835, nanosec=950388936, __msgtype__='builtin_interfaces/msg/Time'), frame_id='status-205', __msgtype__='std_msgs/msg/Header')",[ 93  91 100  75],3098,3928,3734,29151,27.0,2782,"[ccpm_msgs__msg__NetworkStatus(interface_name='eth0', ip='192.168.4.12', rx_bytes=566860, tx_bytes=76955680, __msgtype__='ccpm_msgs/msg/NetworkStatus'), ccpm_msgs__msg__NetworkStatus(interface_name='can0', ip='N/A', rx_bytes=84884462, tx_bytes=74161928, __msgtype__='ccpm_msgs/msg/NetworkStatus'), ccpm_msgs__msg__NetworkStatus(interface_name='can1', ip='N/A', rx_bytes=83830338, tx_bytes=79396226, __msgtype__='ccpm_msgs/msg/NetworkStatus'), ccpm_msgs__msg__NetworkStatus(interface_name='mlan0', ip='N/A', rx_bytes=0, tx_bytes=0, __msgtype__='ccpm_msgs/msg/NetworkStatus'), ccpm_msgs__msg__NetworkStatus(interface_name='hotspot', ip='192.168.12.1', rx_bytes=788260, tx_bytes=4686831, __msgtype__='ccpm_msgs/msg/NetworkStatus'), ccpm_msgs__msg__NetworkStatus(interface_name='wwan0', ip='100.76.73.254', rx_bytes=4819825, tx_bytes=1497266, __msgtype__='ccpm_msgs/msg/NetworkStatus')]"
2023-12-19 12:10:36.208124055,"std_msgs__msg__Header(stamp=builtin_interfaces__msg__Time(sec=1702987836, nanosec=951134255, __msgtype__='builtin_interfaces/msg/Time'), frame_id='status-206', __msgtype__='std_msgs/msg/Header')",[100  87  90  80],3098,3928,3734,29151,28.0,2783,"[ccpm_msgs__msg__NetworkStatus(interface_name='eth0', ip='192.168.4.12', rx_bytes=567284, tx_bytes=78418412, __msgtype__='ccpm_msgs/msg/NetworkStatus'), ccpm_msgs__msg__NetworkStatus(interface_name='can0', ip='N/A', rx_bytes=84903658, tx_bytes=74177248, __msgtype__='ccpm_msgs/msg/NetworkStatus'), ccpm_msgs__msg__NetworkStatus(interface_name='can1', ip='N/A', rx_bytes=83849032, tx_bytes=79413312, __msgtype__='ccpm_msgs/msg/NetworkStatus'), ccpm_msgs__msg__NetworkStatus(interface_name='mlan0', ip='N/A', rx_bytes=0, tx_bytes=0, __msgtype__='ccpm_msgs/msg/NetworkStatus'), ccpm_msgs__msg__NetworkStatus(interface_name='hotspot', ip='192.168.12.1', rx_bytes=788260, tx_bytes=4686831, __msgtype__='ccpm_msgs/msg/NetworkStatus'), ccpm_msgs__msg__NetworkStatus(interface_name='wwan0', ip='100.76.73.254', rx_bytes=4819825, tx_bytes=1497266, __msgtype__='ccpm_msgs/msg/NetworkStatus')]"
2023-12-19 12:10:37.208942006,"std_msgs__msg__Header(stamp=builtin_interfaces__msg__Time(sec=1702987837, nanosec=951983067, __msgtype__='builtin_interfaces/msg/Time'), frame_id='status-207', __msgtype__='std_msgs/msg/Header')",[100  97  76  78],3094,3928,3734,29151,27.0,2784,"[ccpm_msgs__msg__NetworkStatus(interface_name='eth0', ip='192.168.4.12', rx_bytes=567814, tx_bytes=80107464, __msgtype__='ccpm_msgs/msg/NetworkStatus'), ccpm_msgs__msg__NetworkStatus(interface_name='can0', ip='N/A', rx_bytes=84924814, tx_bytes=74194528, __msgtype__='ccpm_msgs/msg/NetworkStatus'), ccpm_msgs__msg__NetworkStatus(interface_name='can1', ip='N/A', rx_bytes=83870157, tx_bytes=79432829, __msgtype__='ccpm_msgs/msg/NetworkStatus'), ccpm_msgs__msg__NetworkStatus(interface_name='mlan0', ip='N/A', rx_bytes=0, tx_bytes=0, __msgtype__='ccpm_msgs/msg/NetworkStatus'), ccpm_msgs__msg__NetworkStatus(interface_name='hotspot', ip='192.168.12.1', rx_bytes=788260, tx_bytes=4686831, __msgtype__='ccpm_msgs/msg/NetworkStatus'), ccpm_msgs__msg__NetworkStatus(interface_name='wwan0', ip='100.76.73.254', rx_bytes=4819825, tx_bytes=1497266, __msgtype__='ccpm_msgs/msg/NetworkStatus')]"
2023-12-19 12:10:38.209680369,"std_msgs__msg__Header(stamp=builtin_interfaces__msg__Time(sec=1702987838, nanosec=952709882, __msgtype__='builtin_interfaces/msg/Time'), frame_id='status-208', __msgtype__='std_msgs/msg/Header')",[ 89 100  81  96],3094,3928,3734,29151,27.0,2785,"[ccpm_msgs__msg__NetworkStatus(interface_name='eth0', ip='192.168.4.12', rx_bytes=570142, tx_bytes=81602322, __msgtype__='ccpm_msgs/msg/NetworkStatus'), ccpm_msgs__msg__NetworkStatus(interface_name='can0', ip='N/A', rx_bytes=84943938, tx_bytes=74209784, __msgtype__='ccpm_msgs/msg/NetworkStatus'), ccpm_msgs__msg__NetworkStatus(interface_name='can1', ip='N/A', rx_bytes=83887696, tx_bytes=79448760, __msgtype__='ccpm_msgs/msg/NetworkStatus'), ccpm_msgs__msg__NetworkStatus(interface_name='mlan0', ip='N/A', rx_bytes=0, tx_bytes=0, __msgtype__='ccpm_msgs/msg/NetworkStatus'), ccpm_msgs__msg__NetworkStatus(interface_name='hotspot', ip='192.168.12.1', rx_bytes=788588, tx_bytes=4686831, __msgtype__='ccpm_msgs/msg/NetworkStatus'), ccpm_msgs__msg__NetworkStatus(interface_name='wwan0', ip='100.76.73.254', rx_bytes=4819825, tx_bytes=1497266, __msgtype__='ccpm_msgs/msg/NetworkStatus')]"
2023-12-19 12:10:39.210446141,"std_msgs__msg__Header(stamp=builtin_interfaces__msg__Time(sec=1702987839, nanosec=953459694, __msgtype__='builtin_interfaces/msg/Time'), frame_id='status-209', __msgtype__='std_msgs/msg/Header')",[ 96 100  62  95],3094,3928,3734,29151,27.0,2786,"[ccpm_msgs__msg__NetworkStatus(interface_name='eth0', ip='192.168.4.12', rx_bytes=570566, tx_bytes=82959040, __msgtype__='ccpm_msgs/msg/NetworkStatus'), ccpm_msgs__msg__NetworkStatus(interface_name='can0', ip='N/A', rx_bytes=84961126, tx_bytes=74223104, __msgtype__='ccpm_msgs/msg/NetworkStatus'), ccpm_msgs__msg__NetworkStatus(interface_name='can1', ip='N/A', rx_bytes=83905045, tx_bytes=79464501, __msgtype__='ccpm_msgs/msg/NetworkStatus'), ccpm_msgs__msg__NetworkStatus(interface_name='mlan0', ip='N/A', rx_bytes=0, tx_bytes=0, __msgtype__='ccpm_msgs/msg/NetworkStatus'), ccpm_msgs__msg__NetworkStatus(interface_name='hotspot', ip='192.168.12.1', rx_bytes=788754, tx_bytes=4686831, __msgtype__='ccpm_msgs/msg/NetworkStatus'), ccpm_msgs__msg__NetworkStatus(interface_name='wwan0', ip='100.76.73.254', rx_bytes=4819825, tx_bytes=1497266, __msgtype__='ccpm_msgs/msg/NetworkStatus')]"
2023-12-19 12:10:40.212142968,"std_msgs__msg__Header(stamp=builtin_interfaces__msg__Time(sec=1702987840, nanosec=955064472, __msgtype__='builtin_interfaces/msg/Time'), frame_id='status-210', __msgtype__='std_msgs/msg/Header')",[96 90 79 94],3093,3928,3734,29151,27.0,2787,"[ccpm_msgs__msg__NetworkStatus(interface_name='eth0', ip='192.168.4.12', rx_bytes=570990, tx_bytes=84179068, __msgtype__='ccpm_msgs/msg/NetworkStatus'), ccpm_msgs__msg__NetworkStatus(interface_name='can0', ip='N/A', rx_bytes=84976903, tx_bytes=74234992, __msgtype__='ccpm_msgs/msg/NetworkStatus'), ccpm_msgs__msg__NetworkStatus(interface_name='can1', ip='N/A', rx_bytes=83921522, tx_bytes=79479362, __msgtype__='ccpm_msgs/msg/NetworkStatus'), ccpm_msgs__msg__NetworkStatus(interface_name='mlan0', ip='N/A', rx_bytes=0, tx_bytes=0, __msgtype__='ccpm_msgs/msg/NetworkStatus'), ccpm_msgs__msg__NetworkStatus(interface_name='hotspot', ip='192.168.12.1', rx_bytes=788754, tx_bytes=4686831, __msgtype__='ccpm_msgs/msg/NetworkStatus'), ccpm_msgs__msg__NetworkStatus(interface_name='wwan0', ip='100.76.73.254', rx_bytes=4819825, tx_bytes=1497266, __msgtype__='ccpm_msgs/msg/NetworkStatus')]"
2023-12-19 12:10:41.212760670,"std_msgs__msg__Header(stamp=builtin_interfaces__msg__Time(sec=1702987841, nanosec=955653910, __msgtype__='builtin_interfaces/msg/Time'), frame_id='status-211', __msgtype__='std_msgs/msg/Header')",[88 89 86 97],3093,3928,3734,29151,27.0,2788,"[ccpm_msgs__msg__NetworkStatus(interface_name='eth0', ip='192.168.4.12', rx_bytes=570990, tx_bytes=84179068, __msgtype__='ccpm_msgs/msg/NetworkStatus'), ccpm_msgs__msg__NetworkStatus(interface_name='can0', ip='N/A', rx_bytes=84976903, tx_bytes=74234992, __msgtype__='ccpm_msgs/msg/NetworkStatus'), ccpm_msgs__msg__NetworkStatus(interface_name='can1', ip='N/A', rx_bytes=83921522, tx_bytes=79479362, __msgtype__='ccpm_msgs/msg/NetworkStatus'), ccpm_msgs__msg__NetworkStatus(interface_name='mlan0', ip='N/A', rx_bytes=0, tx_bytes=0, __msgtype__='ccpm_msgs/msg/NetworkStatus'), ccpm_msgs__msg__NetworkStatus(interface_name='hotspot', ip='192.168.12.1', rx_bytes=788754, tx_bytes=4686831, __msgtype__='ccpm_msgs/msg/NetworkStatus'), ccpm_msgs__msg__NetworkStatus(interface_name='wwan0', ip='100.76.73.254', rx_bytes=4819825, tx_bytes=1497266, __msgtype__='ccpm_msgs/msg/NetworkStatus')]"
2023-12-19 12:10:42.213002906,"std_msgs__msg__Header(stamp=builtin_interfaces__msg__Time(sec=1702987842, nanosec=955939356, __msgtype__='builtin_interfaces/msg/Time'), frame_id='status-212', __msgtype__='std_msgs/msg/Header')",[ 89 100  61  95],3093,3928,3734,29151,27.0,2789,"[ccpm_msgs__msg__NetworkStatus(interface_name='eth0', ip='192.168.4.12', rx_bytes=572368, tx_bytes=85623850, __msgtype__='ccpm_msgs/msg/NetworkStatus'), ccpm_msgs__msg__NetworkStatus(interface_name='can0', ip='N/A', rx_bytes=84995363, tx_bytes=74249584, __msgtype__='ccpm_msgs/msg/NetworkStatus'), ccpm_msgs__msg__NetworkStatus(interface_name='can1', ip='N/A', rx_bytes=83939444, tx_bytes=79495668, __msgtype__='ccpm_msgs/msg/NetworkStatus'), ccpm_msgs__msg__NetworkStatus(interface_name='mlan0', ip='N/A', rx_bytes=0, tx_bytes=0, __msgtype__='ccpm_msgs/msg/NetworkStatus'), ccpm_msgs__msg__NetworkStatus(interface_name='hotspot', ip='192.168.12.1', rx_bytes=788920, tx_bytes=4686831, __msgtype__='ccpm_msgs/msg/NetworkStatus'), ccpm_msgs__msg__NetworkStatus(interface_name='wwan0', ip='100.76.73.254', rx_bytes=4819825, tx_bytes=1497266, __msgtype__='ccpm_msgs/msg/NetworkStatus')]"
2023-12-19 12:10:43.213445352,"std_msgs__msg__Header(stamp=builtin_interfaces__msg__Time(sec=1702987843, nanosec=956406294, __msgtype__='builtin_interfaces/msg/Time'), frame_id='status-213', __msgtype__='std_msgs/msg/Header')",[87 97 84 94],3093,3928,3734,29151,27.0,2790,"[ccpm_msgs__msg__NetworkStatus(interface_name='eth0', ip='192.168.4.12', rx_bytes=573534, tx_bytes=87054796, __msgtype__='ccpm_msgs/msg/NetworkStatus'), ccpm_msgs__msg__NetworkStatus(interface_name='can0', ip='N/A', rx_bytes=85013911, tx_bytes=74264264, __msgtype__='ccpm_msgs/msg/NetworkStatus'), ccpm_msgs__msg__NetworkStatus(interface_name='can1', ip='N/A', rx_bytes=83956164, tx_bytes=79510780, __msgtype__='ccpm_msgs/msg/NetworkStatus'), ccpm_msgs__msg__NetworkStatus(interface_name='mlan0', ip='N/A', rx_bytes=0, tx_bytes=0, __msgtype__='ccpm_msgs/msg/NetworkStatus'), ccpm_msgs__msg__NetworkStatus(interface_name='hotspot', ip='192.168.12.1', rx_bytes=788920, tx_bytes=4686831, __msgtype__='ccpm_msgs/msg/NetworkStatus'), ccpm_msgs__msg__NetworkStatus(interface_name='wwan0', ip='100.76.73.254', rx_bytes=4819825, tx_bytes=1497266, __msgtype__='ccpm_msgs/msg/NetworkStatus')]"
2023-12-19 12:10:44.213717846,"std_msgs__msg__Header(stamp=builtin_interfaces__msg__Time(sec=1702987844, nanosec=956660487, __msgtype__='builtin_interfaces/msg/Time'), frame_id='status-214', __msgtype__='std_msgs/msg/Header')",[87 95 80 95],3097,3928,3734,29151,26.0,2791,"[ccpm_msgs__msg__NetworkStatus(interface_name='eth0', ip='192.168.4.12', rx_bytes=574170, tx_bytes=88583712, __msgtype__='ccpm_msgs/msg/NetworkStatus'), ccpm_msgs__msg__NetworkStatus(interface_name='can0', ip='N/A', rx_bytes=85033467, tx_bytes=74279960, __msgtype__='ccpm_msgs/msg/NetworkStatus'), ccpm_msgs__msg__NetworkStatus(interface_name='can1', ip='N/A', rx_bytes=83975752, tx_bytes=79528760, __msgtype__='ccpm_msgs/msg/NetworkStatus'), ccpm_msgs__msg__NetworkStatus(interface_name='mlan0', ip='N/A', rx_bytes=0, tx_bytes=0, __msgtype__='ccpm_msgs/msg/NetworkStatus'), ccpm_msgs__msg__NetworkStatus(interface_name='hotspot', ip='192.168.12.1', rx_bytes=788920, tx_bytes=4686831, __msgtype__='ccpm_msgs/msg/NetworkStatus'), ccpm_msgs__msg__NetworkStatus(interface_name='wwan0', ip='100.76.73.254', rx_bytes=4819825, tx_bytes=1497266, __msgtype__='ccpm_msgs/msg/NetworkStatus')]"
2023-12-19 12:10:45.214036759,"std_msgs__msg__Header(stamp=builtin_interfaces__msg__Time(sec=1702987845, nanosec=956964676, __msgtype__='builtin_interfaces/msg/Time'), frame_id='status-215', __msgtype__='std_msgs/msg/Header')",[ 88  90  77 100],3097,3928,3734,29151,26.0,2792,"[ccpm_msgs__msg__NetworkStatus(interface_name='eth0', ip='192.168.4.12', rx_bytes=574912, tx_bytes=89904472, __msgtype__='ccpm_msgs/msg/NetworkStatus'), ccpm_msgs__msg__NetworkStatus(interface_name='can0', ip='N/A', rx_bytes=85049895, tx_bytes=74292496, __msgtype__='ccpm_msgs/msg/NetworkStatus'), ccpm_msgs__msg__NetworkStatus(interface_name='can1', ip='N/A', rx_bytes=83991513, tx_bytes=79542921, __msgtype__='ccpm_msgs/msg/NetworkStatus'), ccpm_msgs__msg__NetworkStatus(interface_name='mlan0', ip='N/A', rx_bytes=0, tx_bytes=0, __msgtype__='ccpm_msgs/msg/NetworkStatus'), ccpm_msgs__msg__NetworkStatus(interface_name='hotspot', ip='192.168.12.1', rx_bytes=788920, tx_bytes=4686831, __msgtype__='ccpm_msgs/msg/NetworkStatus'), ccpm_msgs__msg__NetworkStatus(interface_name='wwan0', ip='100.76.73.254', rx_bytes=4819825, tx_bytes=1497266, __msgtype__='ccpm_msgs/msg/NetworkStatus')]"
2023-12-19 12:10:46.214422263,"std_msgs__msg__Header(stamp=builtin_interfaces__msg__Time(sec=1702987846, nanosec=957294737, __msgtype__='builtin_interfaces/msg/Time'), frame_id='status-216', __msgtype__='std_msgs/msg/Header')",[94 74 93 94],3097,3928,3734,29151,26.0,2793,"[ccpm_msgs__msg__NetworkStatus(interface_name='eth0', ip='192.168.4.12', rx_bytes=575336, tx_bytes=91406018, __msgtype__='ccpm_msgs/msg/NetworkStatus'), ccpm_msgs__msg__NetworkStatus(interface_name='can0', ip='N/A', rx_bytes=85066971, tx_bytes=74305696, __msgtype__='ccpm_msgs/msg/NetworkStatus'), ccpm_msgs__msg__NetworkStatus(interface_name='can1', ip='N/A', rx_bytes=84007622, tx_bytes=79557414, __msgtype__='ccpm_msgs/msg/NetworkStatus'), ccpm_msgs__msg__NetworkStatus(interface_name='mlan0', ip='N/A', rx_bytes=0, tx_bytes=0, __msgtype__='ccpm_msgs/msg/NetworkStatus'), ccpm_msgs__msg__NetworkStatus(interface_name='hotspot', ip='192.168.12.1', rx_bytes=789086, tx_bytes=4686831, __msgtype__='ccpm_msgs/msg/NetworkStatus'), ccpm_msgs__msg__NetworkStatus(interface_name='wwan0', ip='100.76.73.254', rx_bytes=4819825, tx_bytes=1497266, __msgtype__='ccpm_msgs/msg/NetworkStatus')]"
2023-12-19 12:10:47.214773842,"std_msgs__msg__Header(stamp=builtin_interfaces__msg__Time(sec=1702987847, nanosec=957610046, __msgtype__='builtin_interfaces/msg/Time'), frame_id='status-217', __msgtype__='std_msgs/msg/Header')",[91 88 86 89],3097,3928,3734,29151,26.0,2794,"[ccpm_msgs__msg__NetworkStatus(interface_name='eth0', ip='192.168.4.12', rx_bytes=577456, tx_bytes=92704928, __msgtype__='ccpm_msgs/msg/NetworkStatus'), ccpm_msgs__msg__NetworkStatus(interface_name='can0', ip='N/A', rx_bytes=85083999, tx_bytes=74318856, __msgtype__='ccpm_msgs/msg/NetworkStatus'), ccpm_msgs__msg__NetworkStatus(interface_name='can1', ip='N/A', rx_bytes=84024523, tx_bytes=79572707, __msgtype__='ccpm_msgs/msg/NetworkStatus'), ccpm_msgs__msg__NetworkStatus(interface_name='mlan0', ip='N/A', rx_bytes=0, tx_bytes=0, __msgtype__='ccpm_msgs/msg/NetworkStatus'), ccpm_msgs__msg__NetworkStatus(interface_name='hotspot', ip='192.168.12.1', rx_bytes=789086, tx_bytes=4686831, __msgtype__='ccpm_msgs/msg/NetworkStatus'), ccpm_msgs__msg__NetworkStatus(interface_name='wwan0', ip='100.76.73.254', rx_bytes=4819825, tx_bytes=1497266, __msgtype__='ccpm_msgs/msg/NetworkStatus')]"
2023-12-19 12:10:48.215165076,"std_msgs__msg__Header(stamp=builtin_interfaces__msg__Time(sec=1702987848, nanosec=957966102, __msgtype__='builtin_interfaces/msg/Time'), frame_id='status-218', __msgtype__='std_msgs/msg/Header')",[97 96 79 82],3097,3928,3734,29151,26.0,2795,"[ccpm_msgs__msg__NetworkStatus(interface_name='eth0', ip='192.168.4.12', rx_bytes=578092, tx_bytes=93914132, __msgtype__='ccpm_msgs/msg/NetworkStatus'), ccpm_msgs__msg__NetworkStatus(interface_name='can0', ip='N/A', rx_bytes=85100315, tx_bytes=74331304, __msgtype__='ccpm_msgs/msg/NetworkStatus'), ccpm_msgs__msg__NetworkStatus(interface_name='can1', ip='N/A', rx_bytes=84040723, tx_bytes=79587291, __msgtype__='ccpm_msgs/msg/NetworkStatus'), ccpm_msgs__msg__NetworkStatus(interface_name='mlan0', ip='N/A', rx_bytes=0, tx_bytes=0, __msgtype__='ccpm_msgs/msg/NetworkStatus'), ccpm_msgs__msg__NetworkStatus(interface_name='hotspot', ip='192.168.12.1', rx_bytes=789128, tx_bytes=4686873, __msgtype__='ccpm_msgs/msg/NetworkStatus'), ccpm_msgs__msg__NetworkStatus(interface_name='wwan0', ip='100.76.73.254', rx_bytes=4819825, tx_bytes=1497266, __msgtype__='ccpm_msgs/msg/NetworkStatus')]"
2023-12-19 12:10:49.215505036,"std_msgs__msg__Header(stamp=builtin_interfaces__msg__Time(sec=1702987849, nanosec=958339904, __msgtype__='builtin_interfaces/msg/Time'), frame_id='status-219', __msgtype__='std_msgs/msg/Header')",[84 77 75 94],3096,3928,3734,29151,26.0,2796,"[ccpm_msgs__msg__NetworkStatus(interface_name='eth0', ip='192.168.4.12', rx_bytes=578516, tx_bytes=95295212, __msgtype__='ccpm_msgs/msg/NetworkStatus'), ccpm_msgs__msg__NetworkStatus(interface_name='can0', ip='N/A', rx_bytes=85118020, tx_bytes=74345128, __msgtype__='ccpm_msgs/msg/NetworkStatus'), ccpm_msgs__msg__NetworkStatus(interface_name='can1', ip='N/A', rx_bytes=84058487, tx_bytes=79603439, __msgtype__='ccpm_msgs/msg/NetworkStatus'), ccpm_msgs__msg__NetworkStatus(interface_name='mlan0', ip='N/A', rx_bytes=0, tx_bytes=0, __msgtype__='ccpm_msgs/msg/NetworkStatus'), ccpm_msgs__msg__NetworkStatus(interface_name='hotspot', ip='192.168.12.1', rx_bytes=789128, tx_bytes=4686873, __msgtype__='ccpm_msgs/msg/NetworkStatus'), ccpm_msgs__msg__NetworkStatus(interface_name='wwan0', ip='100.76.73.254', rx_bytes=4819825, tx_bytes=1497266, __msgtype__='ccpm_msgs/msg/NetworkStatus')]"
2023-12-19 12:10:50.215871566,"std_msgs__msg__Header(stamp=builtin_interfaces__msg__Time(sec=1702987850, nanosec=958674081, __msgtype__='builtin_interfaces/msg/Time'), frame_id='status-220', __msgtype__='std_msgs/msg/Header')",[92 91 76 91],3097,3928,3734,29151,25.0,2797,"[ccpm_msgs__msg__NetworkStatus(interface_name='eth0', ip='192.168.4.12', rx_bytes=579788, tx_bytes=96563322, __msgtype__='ccpm_msgs/msg/NetworkStatus'), ccpm_msgs__msg__NetworkStatus(interface_name='can0', ip='N/A', rx_bytes=85133936, tx_bytes=74357176, __msgtype__='ccpm_msgs/msg/NetworkStatus'), ccpm_msgs__msg__NetworkStatus(interface_name='can1', ip='N/A', rx_bytes=84074249, tx_bytes=79617593, __msgtype__='ccpm_msgs/msg/NetworkStatus'), ccpm_msgs__msg__NetworkStatus(interface_name='mlan0', ip='N/A', rx_bytes=0, tx_bytes=0, __msgtype__='ccpm_msgs/msg/NetworkStatus'), ccpm_msgs__msg__NetworkStatus(interface_name='hotspot', ip='192.168.12.1', rx_bytes=789128, tx_bytes=4686873, __msgtype__='ccpm_msgs/msg/NetworkStatus'), ccpm_msgs__msg__NetworkStatus(interface_name='wwan0', ip='100.76.73.254', rx_bytes=4819825, tx_bytes=1497266, __msgtype__='ccpm_msgs/msg/NetworkStatus')]"
2023-12-19 12:10:51.216239928,"std_msgs__msg__Header(stamp=builtin_interfaces__msg__Time(sec=1702987851, nanosec=959013880, __msgtype__='builtin_interfaces/msg/Time'), frame_id='status-221', __msgtype__='std_msgs/msg/Header')",[ 87 100  83  91],3097,3928,3734,29151,25.0,2798,"[ccpm_msgs__msg__NetworkStatus(interface_name='eth0', ip='192.168.4.12', rx_bytes=580954, tx_bytes=98241238, __msgtype__='ccpm_msgs/msg/NetworkStatus'), ccpm_msgs__msg__NetworkStatus(interface_name='can0', ip='N/A', rx_bytes=85152972, tx_bytes=74372344, __msgtype__='ccpm_msgs/msg/NetworkStatus'), ccpm_msgs__msg__NetworkStatus(interface_name='can1', ip='N/A', rx_bytes=84092475, tx_bytes=79634211, __msgtype__='ccpm_msgs/msg/NetworkStatus'), ccpm_msgs__msg__NetworkStatus(interface_name='mlan0', ip='N/A', rx_bytes=0, tx_bytes=0, __msgtype__='ccpm_msgs/msg/NetworkStatus'), ccpm_msgs__msg__NetworkStatus(interface_name='hotspot', ip='192.168.12.1', rx_bytes=789128, tx_bytes=4686873, __msgtype__='ccpm_msgs/msg/NetworkStatus'), ccpm_msgs__msg__NetworkStatus(interface_name='wwan0', ip='100.76.73.254', rx_bytes=4819825, tx_bytes=1497266, __msgtype__='ccpm_msgs/msg/NetworkStatus')]"
2023-12-19 12:10:52.216717997,"std_msgs__msg__Header(stamp=builtin_interfaces__msg__Time(sec=1702987852, nanosec=959364426, __msgtype__='builtin_interfaces/msg/Time'), frame_id='status-222', __msgtype__='std_msgs/msg/Header')",[ 74 100  89  88],3097,3928,3734,29151,25.0,2799,"[ccpm_msgs__msg__NetworkStatus(interface_name='eth0', ip='192.168.4.12', rx_bytes=581590, tx_bytes=99675970, __msgtype__='ccpm_msgs/msg/NetworkStatus'), ccpm_msgs__msg__NetworkStatus(interface_name='can0', ip='N/A', rx_bytes=85170248, tx_bytes=74385752, __msgtype__='ccpm_msgs/msg/NetworkStatus'), ccpm_msgs__msg__NetworkStatus(interface_name='can1', ip='N/A', rx_bytes=84107998, tx_bytes=79648126, __msgtype__='ccpm_msgs/msg/NetworkStatus'), ccpm_msgs__msg__NetworkStatus(interface_name='mlan0', ip='N/A', rx_bytes=0, tx_bytes=0, __msgtype__='ccpm_msgs/msg/NetworkStatus'), ccpm_msgs__msg__NetworkStatus(interface_name='hotspot', ip='192.168.12.1', rx_bytes=789128, tx_bytes=4686873, __msgtype__='ccpm_msgs/msg/NetworkStatus'), ccpm_msgs__msg__NetworkStatus(interface_name='wwan0', ip='100.76.73.254', rx_bytes=4819825, tx_bytes=1497266, __msgtype__='ccpm_msgs/msg/NetworkStatus')]"
2023-12-19 12:10:53.217132745,"std_msgs__msg__Header(stamp=builtin_interfaces__msg__Time(sec=1702987853, nanosec=959783843, __msgtype__='builtin_interfaces/msg/Time'), frame_id='status-223', __msgtype__='std_msgs/msg/Header')",[78 82 94 87],3097,3928,3734,29151,24.0,2800,"[ccpm_msgs__msg__NetworkStatus(interface_name='eth0', ip='192.168.4.12', rx_bytes=582120, tx_bytes=101013706, __msgtype__='ccpm_msgs/msg/NetworkStatus'), ccpm_msgs__msg__NetworkStatus(interface_name='can0', ip='N/A', rx_bytes=85187940, tx_bytes=74399576, __msgtype__='ccpm_msgs/msg/NetworkStatus'), ccpm_msgs__msg__NetworkStatus(interface_name='can1', ip='N/A', rx_bytes=84125547, tx_bytes=79664067, __msgtype__='ccpm_msgs/msg/NetworkStatus'), ccpm_msgs__msg__NetworkStatus(interface_name='mlan0', ip='N/A', rx_bytes=0, tx_bytes=0, __msgtype__='ccpm_msgs/msg/NetworkStatus'), ccpm_msgs__msg__NetworkStatus(interface_name='hotspot', ip='192.168.12.1', rx_bytes=789128, tx_bytes=4686873, __msgtype__='ccpm_msgs/msg/NetworkStatus'), ccpm_msgs__msg__NetworkStatus(interface_name='wwan0', ip='100.76.73.254', rx_bytes=4819825, tx_bytes=1497266, __msgtype__='ccpm_msgs/msg/NetworkStatus')]"
2023-12-19 12:10:54.217527958,"std_msgs__msg__Header(stamp=builtin_interfaces__msg__Time(sec=1702987854, nanosec=960253755, __msgtype__='builtin_interfaces/msg/Time'), frame_id='status-224', __msgtype__='std_msgs/msg/Header')",[97 93 93 81],3097,3928,3734,29151,24.0,2801,"[ccpm_msgs__msg__NetworkStatus(interface_name='eth0', ip='192.168.4.12', rx_bytes=582752, tx_bytes=102362426, __msgtype__='ccpm_msgs/msg/NetworkStatus'), ccpm_msgs__msg__NetworkStatus(interface_name='can0', ip='N/A', rx_bytes=85205944, tx_bytes=74413712, __msgtype__='ccpm_msgs/msg/NetworkStatus'), ccpm_msgs__msg__NetworkStatus(interface_name='can1', ip='N/A', rx_bytes=84143378, tx_bytes=79680290, __msgtype__='ccpm_msgs/msg/NetworkStatus'), ccpm_msgs__msg__NetworkStatus(interface_name='mlan0', ip='N/A', rx_bytes=0, tx_bytes=0, __msgtype__='ccpm_msgs/msg/NetworkStatus'), ccpm_msgs__msg__NetworkStatus(interface_name='hotspot', ip='192.168.12.1', rx_bytes=789294, tx_bytes=4686873, __msgtype__='ccpm_msgs/msg/NetworkStatus'), ccpm_msgs__msg__NetworkStatus(interface_name='wwan0', ip='100.76.73.254', rx_bytes=4819825, tx_bytes=1497266, __msgtype__='ccpm_msgs/msg/NetworkStatus')]"
2023-12-19 12:10:55.217899428,"std_msgs__msg__Header(stamp=builtin_interfaces__msg__Time(sec=1702987855, nanosec=960529423, __msgtype__='builtin_interfaces/msg/Time'), frame_id='status-225', __msgtype__='std_msgs/msg/Header')",[ 92 100  74  79],3097,3928,3734,29151,24.0,2802,"[ccpm_msgs__msg__NetworkStatus(interface_name='eth0', ip='192.168.4.12', rx_bytes=584872, tx_bytes=103649044, __msgtype__='ccpm_msgs/msg/NetworkStatus'), ccpm_msgs__msg__NetworkStatus(interface_name='can0', ip='N/A', rx_bytes=85223028, tx_bytes=74426920, __msgtype__='ccpm_msgs/msg/NetworkStatus'), ccpm_msgs__msg__NetworkStatus(interface_name='can1', ip='N/A', rx_bytes=84160470, tx_bytes=79695774, __msgtype__='ccpm_msgs/msg/NetworkStatus'), ccpm_msgs__msg__NetworkStatus(interface_name='mlan0', ip='N/A', rx_bytes=0, tx_bytes=0, __msgtype__='ccpm_msgs/msg/NetworkStatus'), ccpm_msgs__msg__NetworkStatus(interface_name='hotspot', ip='192.168.12.1', rx_bytes=789456, tx_bytes=4686873, __msgtype__='ccpm_msgs/msg/NetworkStatus'), ccpm_msgs__msg__NetworkStatus(interface_name='wwan0', ip='100.76.73.254', rx_bytes=4819825, tx_bytes=1497266, __msgtype__='ccpm_msgs/msg/NetworkStatus')]"
2023-12-19 12:10:56.218212436,"std_msgs__msg__Header(stamp=builtin_interfaces__msg__Time(sec=1702987856, nanosec=960964707, __msgtype__='builtin_interfaces/msg/Time'), frame_id='status-226', __msgtype__='std_msgs/msg/Header')",[92 86 88 80],3097,3928,3734,29151,24.0,2803,"[ccpm_msgs__msg__NetworkStatus(interface_name='eth0', ip='192.168.4.12', rx_bytes=585296, tx_bytes=104917000, __msgtype__='ccpm_msgs/msg/NetworkStatus'), ccpm_msgs__msg__NetworkStatus(interface_name='can0', ip='N/A', rx_bytes=85240008, tx_bytes=74440024, __msgtype__='ccpm_msgs/msg/NetworkStatus'), ccpm_msgs__msg__NetworkStatus(interface_name='can1', ip='N/A', rx_bytes=84177303, tx_bytes=79710999, __msgtype__='ccpm_msgs/msg/NetworkStatus'), ccpm_msgs__msg__NetworkStatus(interface_name='mlan0', ip='N/A', rx_bytes=0, tx_bytes=0, __msgtype__='ccpm_msgs/msg/NetworkStatus'), ccpm_msgs__msg__NetworkStatus(interface_name='hotspot', ip='192.168.12.1', rx_bytes=789498, tx_bytes=4686915, __msgtype__='ccpm_msgs/msg/NetworkStatus'), ccpm_msgs__msg__NetworkStatus(interface_name='wwan0', ip='100.76.73.254', rx_bytes=4819825, tx_bytes=1497266, __msgtype__='ccpm_msgs/msg/NetworkStatus')]"
2023-12-19 12:10:57.218676322,"std_msgs__msg__Header(stamp=builtin_interfaces__msg__Time(sec=1702987857, nanosec=961277244, __msgtype__='builtin_interfaces/msg/Time'), frame_id='status-227', __msgtype__='std_msgs/msg/Header')",[95 96 61 95],3097,3928,3734,29151,24.0,2804,"[ccpm_msgs__msg__NetworkStatus(interface_name='eth0', ip='192.168.4.12', rx_bytes=585826, tx_bytes=106234666, __msgtype__='ccpm_msgs/msg/NetworkStatus'), ccpm_msgs__msg__NetworkStatus(interface_name='can0', ip='N/A', rx_bytes=85257388, tx_bytes=74453528, __msgtype__='ccpm_msgs/msg/NetworkStatus'), ccpm_msgs__msg__NetworkStatus(interface_name='can1', ip='N/A', rx_bytes=84194521, tx_bytes=79726609, __msgtype__='ccpm_msgs/msg/NetworkStatus'), ccpm_msgs__msg__NetworkStatus(interface_name='mlan0', ip='N/A', rx_bytes=0, tx_bytes=0, __msgtype__='ccpm_msgs/msg/NetworkStatus'), ccpm_msgs__msg__NetworkStatus(interface_name='hotspot', ip='192.168.12.1', rx_bytes=789740, tx_bytes=4686915, __msgtype__='ccpm_msgs/msg/NetworkStatus'), ccpm_msgs__msg__NetworkStatus(interface_name='wwan0', ip='100.76.73.254', rx_bytes=4819825, tx_bytes=1497266, __msgtype__='ccpm_msgs/msg/NetworkStatus')]"
2023-12-19 12:10:58.219012264,"std_msgs__msg__Header(stamp=builtin_interfaces__msg__Time(sec=1702987858, nanosec=961661901, __msgtype__='builtin_interfaces/msg/Time'), frame_id='status-228', __msgtype__='std_msgs/msg/Header')",[77 95 83 93],3096,3928,3734,29151,23.0,2805,"[ccpm_msgs__msg__NetworkStatus(interface_name='eth0', ip='192.168.4.12', rx_bytes=587204, tx_bytes=107487534, __msgtype__='ccpm_msgs/msg/NetworkStatus'), ccpm_msgs__msg__NetworkStatus(interface_name='can0', ip='N/A', rx_bytes=85274200, tx_bytes=74466480, __msgtype__='ccpm_msgs/msg/NetworkStatus'), ccpm_msgs__msg__NetworkStatus(interface_name='can1', ip='N/A', rx_bytes=84211301, tx_bytes=79741781, __msgtype__='ccpm_msgs/msg/NetworkStatus'), ccpm_msgs__msg__NetworkStatus(interface_name='mlan0', ip='N/A', rx_bytes=0, tx_bytes=0, __msgtype__='ccpm_msgs/msg/NetworkStatus'), ccpm_msgs__msg__NetworkStatus(interface_name='hotspot', ip='192.168.12.1', rx_bytes=789740, tx_bytes=4686915, __msgtype__='ccpm_msgs/msg/NetworkStatus'), ccpm_msgs__msg__NetworkStatus(interface_name='wwan0', ip='100.76.73.254', rx_bytes=4819825, tx_bytes=1497266, __msgtype__='ccpm_msgs/msg/NetworkStatus')]"
2023-12-19 12:10:59.219388811,"std_msgs__msg__Header(stamp=builtin_interfaces__msg__Time(sec=1702987859, nanosec=962054056, __msgtype__='builtin_interfaces/msg/Time'), frame_id='status-229', __msgtype__='std_msgs/msg/Header')",[100  93  87  92],3096,3928,3734,29151,23.0,2806,"[ccpm_msgs__msg__NetworkStatus(interface_name='eth0', ip='192.168.4.12', rx_bytes=588264, tx_bytes=109124650, __msgtype__='ccpm_msgs/msg/NetworkStatus'), ccpm_msgs__msg__NetworkStatus(interface_name='can0', ip='N/A', rx_bytes=85294924, tx_bytes=74483328, __msgtype__='ccpm_msgs/msg/NetworkStatus'), ccpm_msgs__msg__NetworkStatus(interface_name='can1', ip='N/A', rx_bytes=84231796, tx_bytes=79760668, __msgtype__='ccpm_msgs/msg/NetworkStatus'), ccpm_msgs__msg__NetworkStatus(interface_name='mlan0', ip='N/A', rx_bytes=0, tx_bytes=0, __msgtype__='ccpm_msgs/msg/NetworkStatus'), ccpm_msgs__msg__NetworkStatus(interface_name='hotspot', ip='192.168.12.1', rx_bytes=789740, tx_bytes=4686915, __msgtype__='ccpm_msgs/msg/NetworkStatus'), ccpm_msgs__msg__NetworkStatus(interface_name='wwan0', ip='100.76.73.254', rx_bytes=4819825, tx_bytes=1497266, __msgtype__='ccpm_msgs/msg/NetworkStatus')]"
2023-12-19 12:11:00.219748805,"std_msgs__msg__Header(stamp=builtin_interfaces__msg__Time(sec=1702987860, nanosec=962375960, __msgtype__='builtin_interfaces/msg/Time'), frame_id='status-230', __msgtype__='std_msgs/msg/Header')",[89 97 79 90],3096,3928,3734,29151,23.0,2807,"[ccpm_msgs__msg__NetworkStatus(interface_name='eth0', ip='192.168.4.12', rx_bytes=589006, tx_bytes=110706984, __msgtype__='ccpm_msgs/msg/NetworkStatus'), ccpm_msgs__msg__NetworkStatus(interface_name='can0', ip='N/A', rx_bytes=85314840, tx_bytes=74499376, __msgtype__='ccpm_msgs/msg/NetworkStatus'), ccpm_msgs__msg__NetworkStatus(interface_name='can1', ip='N/A', rx_bytes=84251537, tx_bytes=79778793, __msgtype__='ccpm_msgs/msg/NetworkStatus'), ccpm_msgs__msg__NetworkStatus(interface_name='mlan0', ip='N/A', rx_bytes=0, tx_bytes=0, __msgtype__='ccpm_msgs/msg/NetworkStatus'), ccpm_msgs__msg__NetworkStatus(interface_name='hotspot', ip='192.168.12.1', rx_bytes=789740, tx_bytes=4686915, __msgtype__='ccpm_msgs/msg/NetworkStatus'), ccpm_msgs__msg__NetworkStatus(interface_name='wwan0', ip='100.76.73.254', rx_bytes=4819825, tx_bytes=1497266, __msgtype__='ccpm_msgs/msg/NetworkStatus')]"
2023-12-19 12:11:01.220036793,"std_msgs__msg__Header(stamp=builtin_interfaces__msg__Time(sec=1702987861, nanosec=962703988, __msgtype__='builtin_interfaces/msg/Time'), frame_id='status-231', __msgtype__='std_msgs/msg/Header')",[81 92 86 89],3096,3928,3734,29151,23.0,2808,"[ccpm_msgs__msg__NetworkStatus(interface_name='eth0', ip='192.168.4.12', rx_bytes=589430, tx_bytes=111969832, __msgtype__='ccpm_msgs/msg/NetworkStatus'), ccpm_msgs__msg__NetworkStatus(interface_name='can0', ip='N/A', rx_bytes=85331171, tx_bytes=74511832, __msgtype__='ccpm_msgs/msg/NetworkStatus'), ccpm_msgs__msg__NetworkStatus(interface_name='can1', ip='N/A', rx_bytes=84267571, tx_bytes=79793211, __msgtype__='ccpm_msgs/msg/NetworkStatus'), ccpm_msgs__msg__NetworkStatus(interface_name='mlan0', ip='N/A', rx_bytes=0, tx_bytes=0, __msgtype__='ccpm_msgs/msg/NetworkStatus'), ccpm_msgs__msg__NetworkStatus(interface_name='hotspot', ip='192.168.12.1', rx_bytes=790056, tx_bytes=4686915, __msgtype__='ccpm_msgs/msg/NetworkStatus'), ccpm_msgs__msg__NetworkStatus(interface_name='wwan0', ip='100.76.73.254', rx_bytes=4819825, tx_bytes=1497266, __msgtype__='ccpm_msgs/msg/NetworkStatus')]"
2023-12-19 12:11:02.220473118,"std_msgs__msg__Header(stamp=builtin_interfaces__msg__Time(sec=1702987862, nanosec=963014639, __msgtype__='builtin_interfaces/msg/Time'), frame_id='status-232', __msgtype__='std_msgs/msg/Header')",[ 81  98 100  85],3096,3928,3734,29151,23.0,2809,"[ccpm_msgs__msg__NetworkStatus(interface_name='eth0', ip='192.168.4.12', rx_bytes=589960, tx_bytes=113395068, __msgtype__='ccpm_msgs/msg/NetworkStatus'), ccpm_msgs__msg__NetworkStatus(interface_name='can0', ip='N/A', rx_bytes=85349183, tx_bytes=74525976, __msgtype__='ccpm_msgs/msg/NetworkStatus'), ccpm_msgs__msg__NetworkStatus(interface_name='can1', ip='N/A', rx_bytes=84285334, tx_bytes=79809366, __msgtype__='ccpm_msgs/msg/NetworkStatus'), ccpm_msgs__msg__NetworkStatus(interface_name='mlan0', ip='N/A', rx_bytes=0, tx_bytes=0, __msgtype__='ccpm_msgs/msg/NetworkStatus'), ccpm_msgs__msg__NetworkStatus(interface_name='hotspot', ip='192.168.12.1', rx_bytes=790056, tx_bytes=4686915, __msgtype__='ccpm_msgs/msg/NetworkStatus'), ccpm_msgs__msg__NetworkStatus(interface_name='wwan0', ip='100.76.73.254', rx_bytes=4819825, tx_bytes=1497266, __msgtype__='ccpm_msgs/msg/NetworkStatus')]"
2023-12-19 12:11:03.220875069,"std_msgs__msg__Header(stamp=builtin_interfaces__msg__Time(sec=1702987863, nanosec=963408785, __msgtype__='builtin_interfaces/msg/Time'), frame_id='status-233', __msgtype__='std_msgs/msg/Header')",[ 95 100  89  91],3096,3928,3734,29151,23.0,2810,"[ccpm_msgs__msg__NetworkStatus(interface_name='eth0', ip='192.168.4.12', rx_bytes=592186, tx_bytes=114783134, __msgtype__='ccpm_msgs/msg/NetworkStatus'), ccpm_msgs__msg__NetworkStatus(interface_name='can0', ip='N/A', rx_bytes=85367339, tx_bytes=74540264, __msgtype__='ccpm_msgs/msg/NetworkStatus'), ccpm_msgs__msg__NetworkStatus(interface_name='can1', ip='N/A', rx_bytes=84303394, tx_bytes=79825818, __msgtype__='ccpm_msgs/msg/NetworkStatus'), ccpm_msgs__msg__NetworkStatus(interface_name='mlan0', ip='N/A', rx_bytes=0, tx_bytes=0, __msgtype__='ccpm_msgs/msg/NetworkStatus'), ccpm_msgs__msg__NetworkStatus(interface_name='hotspot', ip='192.168.12.1', rx_bytes=790056, tx_bytes=4686915, __msgtype__='ccpm_msgs/msg/NetworkStatus'), ccpm_msgs__msg__NetworkStatus(interface_name='wwan0', ip='100.76.73.254', rx_bytes=4819825, tx_bytes=1497266, __msgtype__='ccpm_msgs/msg/NetworkStatus')]"
2023-12-19 12:11:04.221293138,"std_msgs__msg__Header(stamp=builtin_interfaces__msg__Time(sec=1702987864, nanosec=963823428, __msgtype__='builtin_interfaces/msg/Time'), frame_id='status-234', __msgtype__='std_msgs/msg/Header')",[96 89 93 89],3097,3928,3734,29151,23.0,2811,"[ccpm_msgs__msg__NetworkStatus(interface_name='eth0', ip='192.168.4.12', rx_bytes=592610, tx_bytes=116240370, __msgtype__='ccpm_msgs/msg/NetworkStatus'), ccpm_msgs__msg__NetworkStatus(interface_name='can0', ip='N/A', rx_bytes=85386359, tx_bytes=74555416, __msgtype__='ccpm_msgs/msg/NetworkStatus'), ccpm_msgs__msg__NetworkStatus(interface_name='can1', ip='N/A', rx_bytes=84321824, tx_bytes=79842648, __msgtype__='ccpm_msgs/msg/NetworkStatus'), ccpm_msgs__msg__NetworkStatus(interface_name='mlan0', ip='N/A', rx_bytes=0, tx_bytes=0, __msgtype__='ccpm_msgs/msg/NetworkStatus'), ccpm_msgs__msg__NetworkStatus(interface_name='hotspot', ip='192.168.12.1', rx_bytes=790056, tx_bytes=4686915, __msgtype__='ccpm_msgs/msg/NetworkStatus'), ccpm_msgs__msg__NetworkStatus(interface_name='wwan0', ip='100.76.73.254', rx_bytes=4819825, tx_bytes=1497266, __msgtype__='ccpm_msgs/msg/NetworkStatus')]"
2023-12-19 12:11:05.221672627,"std_msgs__msg__Header(stamp=builtin_interfaces__msg__Time(sec=1702987865, nanosec=964235818, __msgtype__='builtin_interfaces/msg/Time'), frame_id='status-235', __msgtype__='std_msgs/msg/Header')",[ 78  83  96 100],3097,3928,3734,29151,22.0,2812,"[ccpm_msgs__msg__NetworkStatus(interface_name='eth0', ip='192.168.4.12', rx_bytes=593034, tx_bytes=117699872, __msgtype__='ccpm_msgs/msg/NetworkStatus'), ccpm_msgs__msg__NetworkStatus(interface_name='can0', ip='N/A', rx_bytes=85405459, tx_bytes=74570648, __msgtype__='ccpm_msgs/msg/NetworkStatus'), ccpm_msgs__msg__NetworkStatus(interface_name='can1', ip='N/A', rx_bytes=84340940, tx_bytes=79860148, __msgtype__='ccpm_msgs/msg/NetworkStatus'), ccpm_msgs__msg__NetworkStatus(interface_name='mlan0', ip='N/A', rx_bytes=0, tx_bytes=0, __msgtype__='ccpm_msgs/msg/NetworkStatus'), ccpm_msgs__msg__NetworkStatus(interface_name='hotspot', ip='192.168.12.1', rx_bytes=790056, tx_bytes=4686915, __msgtype__='ccpm_msgs/msg/NetworkStatus'), ccpm_msgs__msg__NetworkStatus(interface_name='wwan0', ip='100.76.73.254', rx_bytes=4819825, tx_bytes=1497266, __msgtype__='ccpm_msgs/msg/NetworkStatus')]"
2023-12-19 12:11:06.222097700,"std_msgs__msg__Header(stamp=builtin_interfaces__msg__Time(sec=1702987866, nanosec=964577835, __msgtype__='builtin_interfaces/msg/Time'), frame_id='status-236', __msgtype__='std_msgs/msg/Header')",[ 78 100  83 100],3097,3928,3734,29151,22.0,2813,"[ccpm_msgs__msg__NetworkStatus(interface_name='eth0', ip='192.168.4.12', rx_bytes=594412, tx_bytes=119046554, __msgtype__='ccpm_msgs/msg/NetworkStatus'), ccpm_msgs__msg__NetworkStatus(interface_name='can0', ip='N/A', rx_bytes=85422863, tx_bytes=74584184, __msgtype__='ccpm_msgs/msg/NetworkStatus'), ccpm_msgs__msg__NetworkStatus(interface_name='can1', ip='N/A', rx_bytes=84357938, tx_bytes=79875538, __msgtype__='ccpm_msgs/msg/NetworkStatus'), ccpm_msgs__msg__NetworkStatus(interface_name='mlan0', ip='N/A', rx_bytes=0, tx_bytes=0, __msgtype__='ccpm_msgs/msg/NetworkStatus'), ccpm_msgs__msg__NetworkStatus(interface_name='hotspot', ip='192.168.12.1', rx_bytes=790140, tx_bytes=4686915, __msgtype__='ccpm_msgs/msg/NetworkStatus'), ccpm_msgs__msg__NetworkStatus(interface_name='wwan0', ip='100.76.73.254', rx_bytes=4819825, tx_bytes=1497266, __msgtype__='ccpm_msgs/msg/NetworkStatus')]"
2023-12-19 12:11:07.222483483,"std_msgs__msg__Header(stamp=builtin_interfaces__msg__Time(sec=1702987867, nanosec=965019220, __msgtype__='builtin_interfaces/msg/Time'), frame_id='status-237', __msgtype__='std_msgs/msg/Header')",[78 97 86 98],3095,3928,3734,29151,22.0,2814,"[ccpm_msgs__msg__NetworkStatus(interface_name='eth0', ip='192.168.4.12', rx_bytes=595578, tx_bytes=120529656, __msgtype__='ccpm_msgs/msg/NetworkStatus'), ccpm_msgs__msg__NetworkStatus(interface_name='can0', ip='N/A', rx_bytes=85441899, tx_bytes=74599352, __msgtype__='ccpm_msgs/msg/NetworkStatus'), ccpm_msgs__msg__NetworkStatus(interface_name='can1', ip='N/A', rx_bytes=84376292, tx_bytes=79892284, __msgtype__='ccpm_msgs/msg/NetworkStatus'), ccpm_msgs__msg__NetworkStatus(interface_name='mlan0', ip='N/A', rx_bytes=0, tx_bytes=0, __msgtype__='ccpm_msgs/msg/NetworkStatus'), ccpm_msgs__msg__NetworkStatus(interface_name='hotspot', ip='192.168.12.1', rx_bytes=790140, tx_bytes=4686915, __msgtype__='ccpm_msgs/msg/NetworkStatus'), ccpm_msgs__msg__NetworkStatus(interface_name='wwan0', ip='100.76.73.254', rx_bytes=4819825, tx_bytes=1497266, __msgtype__='ccpm_msgs/msg/NetworkStatus')]"
2023-12-19 12:11:08.222827569,"std_msgs__msg__Header(stamp=builtin_interfaces__msg__Time(sec=1702987868, nanosec=965319234, __msgtype__='builtin_interfaces/msg/Time'), frame_id='status-238', __msgtype__='std_msgs/msg/Header')",[89 89 94 83],3095,3928,3734,29151,21.0,2815,"[ccpm_msgs__msg__NetworkStatus(interface_name='eth0', ip='192.168.4.12', rx_bytes=596214, tx_bytes=121937160, __msgtype__='ccpm_msgs/msg/NetworkStatus'), ccpm_msgs__msg__NetworkStatus(interface_name='can0', ip='N/A', rx_bytes=85458271, tx_bytes=74611848, __msgtype__='ccpm_msgs/msg/NetworkStatus'), ccpm_msgs__msg__NetworkStatus(interface_name='can1', ip='N/A', rx_bytes=84392421, tx_bytes=79906813, __msgtype__='ccpm_msgs/msg/NetworkStatus'), ccpm_msgs__msg__NetworkStatus(interface_name='mlan0', ip='N/A', rx_bytes=0, tx_bytes=0, __msgtype__='ccpm_msgs/msg/NetworkStatus'), ccpm_msgs__msg__NetworkStatus(interface_name='hotspot', ip='192.168.12.1', rx_bytes=790140, tx_bytes=4686915, __msgtype__='ccpm_msgs/msg/NetworkStatus'), ccpm_msgs__msg__NetworkStatus(interface_name='wwan0', ip='100.76.73.254', rx_bytes=4819825, tx_bytes=1497266, __msgtype__='ccpm_msgs/msg/NetworkStatus')]"
2023-12-19 12:11:09.223287310,"std_msgs__msg__Header(stamp=builtin_interfaces__msg__Time(sec=1702987869, nanosec=965666618, __msgtype__='builtin_interfaces/msg/Time'), frame_id='status-239', __msgtype__='std_msgs/msg/Header')",[ 88  93 100  78],3095,3928,3734,29151,21.0,2816,"[ccpm_msgs__msg__NetworkStatus(interface_name='eth0', ip='192.168.4.12', rx_bytes=596846, tx_bytes=123351556, __msgtype__='ccpm_msgs/msg/NetworkStatus'), ccpm_msgs__msg__NetworkStatus(interface_name='can0', ip='N/A', rx_bytes=85476699, tx_bytes=74626400, __msgtype__='ccpm_msgs/msg/NetworkStatus'), ccpm_msgs__msg__NetworkStatus(interface_name='can1', ip='N/A', rx_bytes=84410665, tx_bytes=79923441, __msgtype__='ccpm_msgs/msg/NetworkStatus'), ccpm_msgs__msg__NetworkStatus(interface_name='mlan0', ip='N/A', rx_bytes=0, tx_bytes=0, __msgtype__='ccpm_msgs/msg/NetworkStatus'), ccpm_msgs__msg__NetworkStatus(interface_name='hotspot', ip='192.168.12.1', rx_bytes=790140, tx_bytes=4686915, __msgtype__='ccpm_msgs/msg/NetworkStatus'), ccpm_msgs__msg__NetworkStatus(interface_name='wwan0', ip='100.76.73.254', rx_bytes=4819825, tx_bytes=1497266, __msgtype__='ccpm_msgs/msg/NetworkStatus')]"
2023-12-19 12:11:10.223604575,"std_msgs__msg__Header(stamp=builtin_interfaces__msg__Time(sec=1702987870, nanosec=966073374, __msgtype__='builtin_interfaces/msg/Time'), frame_id='status-240', __msgtype__='std_msgs/msg/Header')",[86 94 96 96],3095,3928,3734,29151,21.0,2817,"[ccpm_msgs__msg__NetworkStatus(interface_name='eth0', ip='192.168.4.12', rx_bytes=597588, tx_bytes=125052874, __msgtype__='ccpm_msgs/msg/NetworkStatus'), ccpm_msgs__msg__NetworkStatus(interface_name='can0', ip='N/A', rx_bytes=85495519, tx_bytes=74641344, __msgtype__='ccpm_msgs/msg/NetworkStatus'), ccpm_msgs__msg__NetworkStatus(interface_name='can1', ip='N/A', rx_bytes=84428338, tx_bytes=79939506, __msgtype__='ccpm_msgs/msg/NetworkStatus'), ccpm_msgs__msg__NetworkStatus(interface_name='mlan0', ip='N/A', rx_bytes=0, tx_bytes=0, __msgtype__='ccpm_msgs/msg/NetworkStatus'), ccpm_msgs__msg__NetworkStatus(interface_name='hotspot', ip='192.168.12.1', rx_bytes=790140, tx_bytes=4686915, __msgtype__='ccpm_msgs/msg/NetworkStatus'), ccpm_msgs__msg__NetworkStatus(interface_name='wwan0', ip='100.76.73.254', rx_bytes=4819825, tx_bytes=1497266, __msgtype__='ccpm_msgs/msg/NetworkStatus')]"
2023-12-19 12:11:11.223841545,"std_msgs__msg__Header(stamp=builtin_interfaces__msg__Time(sec=1702987871, nanosec=966341757, __msgtype__='builtin_interfaces/msg/Time'), frame_id='status-241', __msgtype__='std_msgs/msg/Header')",[ 95 100  78  77],3095,3928,3734,29151,21.0,2818,"[ccpm_msgs__msg__NetworkStatus(interface_name='eth0', ip='192.168.4.12', rx_bytes=599496, tx_bytes=126536402, __msgtype__='ccpm_msgs/msg/NetworkStatus'), ccpm_msgs__msg__NetworkStatus(interface_name='can0', ip='N/A', rx_bytes=85514603, tx_bytes=74656560, __msgtype__='ccpm_msgs/msg/NetworkStatus'), ccpm_msgs__msg__NetworkStatus(interface_name='can1', ip='N/A', rx_bytes=84446596, tx_bytes=79956156, __msgtype__='ccpm_msgs/msg/NetworkStatus'), ccpm_msgs__msg__NetworkStatus(interface_name='mlan0', ip='N/A', rx_bytes=0, tx_bytes=0, __msgtype__='ccpm_msgs/msg/NetworkStatus'), ccpm_msgs__msg__NetworkStatus(interface_name='hotspot', ip='192.168.12.1', rx_bytes=790306, tx_bytes=4686915, __msgtype__='ccpm_msgs/msg/NetworkStatus'), ccpm_msgs__msg__NetworkStatus(interface_name='wwan0', ip='100.76.73.254', rx_bytes=4819825, tx_bytes=1497266, __msgtype__='ccpm_msgs/msg/NetworkStatus')]"
2023-12-19 12:11:12.224191685,"std_msgs__msg__Header(stamp=builtin_interfaces__msg__Time(sec=1702987872, nanosec=966660012, __msgtype__='builtin_interfaces/msg/Time'), frame_id='status-242', __msgtype__='std_msgs/msg/Header')",[ 91 100  71  93],3095,3928,3734,29151,21.0,2819,"[ccpm_msgs__msg__NetworkStatus(interface_name='eth0', ip='192.168.4.12', rx_bytes=600132, tx_bytes=127787936, __msgtype__='ccpm_msgs/msg/NetworkStatus'), ccpm_msgs__msg__NetworkStatus(interface_name='can0', ip='N/A', rx_bytes=85531511, tx_bytes=74669600, __msgtype__='ccpm_msgs/msg/NetworkStatus'), ccpm_msgs__msg__NetworkStatus(interface_name='can1', ip='N/A', rx_bytes=84463313, tx_bytes=79971265, __msgtype__='ccpm_msgs/msg/NetworkStatus'), ccpm_msgs__msg__NetworkStatus(interface_name='mlan0', ip='N/A', rx_bytes=0, tx_bytes=0, __msgtype__='ccpm_msgs/msg/NetworkStatus'), ccpm_msgs__msg__NetworkStatus(interface_name='hotspot', ip='192.168.12.1', rx_bytes=790306, tx_bytes=4686915, __msgtype__='ccpm_msgs/msg/NetworkStatus'), ccpm_msgs__msg__NetworkStatus(interface_name='wwan0', ip='100.76.73.254', rx_bytes=4819825, tx_bytes=1497266, __msgtype__='ccpm_msgs/msg/NetworkStatus')]"
2023-12-19 12:11:13.224901372,"std_msgs__msg__Header(stamp=builtin_interfaces__msg__Time(sec=1702987873, nanosec=967126759, __msgtype__='builtin_interfaces/msg/Time'), frame_id='status-243', __msgtype__='std_msgs/msg/Header')",[ 95 100  72  88],3095,3928,3734,29151,21.0,2820,"[ccpm_msgs__msg__NetworkStatus(interface_name='eth0', ip='192.168.4.12', rx_bytes=600556, tx_bytes=129250510, __msgtype__='ccpm_msgs/msg/NetworkStatus'), ccpm_msgs__msg__NetworkStatus(interface_name='can0', ip='N/A', rx_bytes=85550003, tx_bytes=74684224, __msgtype__='ccpm_msgs/msg/NetworkStatus'), ccpm_msgs__msg__NetworkStatus(interface_name='can1', ip='N/A', rx_bytes=84481966, tx_bytes=79988302, __msgtype__='ccpm_msgs/msg/NetworkStatus'), ccpm_msgs__msg__NetworkStatus(interface_name='mlan0', ip='N/A', rx_bytes=0, tx_bytes=0, __msgtype__='ccpm_msgs/msg/NetworkStatus'), ccpm_msgs__msg__NetworkStatus(interface_name='hotspot', ip='192.168.12.1', rx_bytes=790306, tx_bytes=4686915, __msgtype__='ccpm_msgs/msg/NetworkStatus'), ccpm_msgs__msg__NetworkStatus(interface_name='wwan0', ip='100.76.73.254', rx_bytes=4819825, tx_bytes=1497266, __msgtype__='ccpm_msgs/msg/NetworkStatus')]"
2023-12-19 12:11:14.225189095,"std_msgs__msg__Header(stamp=builtin_interfaces__msg__Time(sec=1702987874, nanosec=967514632, __msgtype__='builtin_interfaces/msg/Time'), frame_id='status-244', __msgtype__='std_msgs/msg/Header')",[ 93 100  77  69],3094,3928,3734,29151,21.0,2821,"[ccpm_msgs__msg__NetworkStatus(interface_name='eth0', ip='192.168.4.12', rx_bytes=601828, tx_bytes=130668870, __msgtype__='ccpm_msgs/msg/NetworkStatus'), ccpm_msgs__msg__NetworkStatus(interface_name='can0', ip='N/A', rx_bytes=85565486, tx_bytes=74695824, __msgtype__='ccpm_msgs/msg/NetworkStatus'), ccpm_msgs__msg__NetworkStatus(interface_name='can1', ip='N/A', rx_bytes=84500396, tx_bytes=80005116, __msgtype__='ccpm_msgs/msg/NetworkStatus'), ccpm_msgs__msg__NetworkStatus(interface_name='mlan0', ip='N/A', rx_bytes=0, tx_bytes=0, __msgtype__='ccpm_msgs/msg/NetworkStatus'), ccpm_msgs__msg__NetworkStatus(interface_name='hotspot', ip='192.168.12.1', rx_bytes=790306, tx_bytes=4686915, __msgtype__='ccpm_msgs/msg/NetworkStatus'), ccpm_msgs__msg__NetworkStatus(interface_name='wwan0', ip='100.76.73.254', rx_bytes=4819825, tx_bytes=1497266, __msgtype__='ccpm_msgs/msg/NetworkStatus')]"
2023-12-19 12:11:15.225585582,"std_msgs__msg__Header(stamp=builtin_interfaces__msg__Time(sec=1702987875, nanosec=967937501, __msgtype__='builtin_interfaces/msg/Time'), frame_id='status-245', __msgtype__='std_msgs/msg/Header')",[90 92 94 72],3095,3928,3734,29151,21.0,2822,"[ccpm_msgs__msg__NetworkStatus(interface_name='eth0', ip='192.168.4.12', rx_bytes=602994, tx_bytes=131894446, __msgtype__='ccpm_msgs/msg/NetworkStatus'), ccpm_msgs__msg__NetworkStatus(interface_name='can0', ip='N/A', rx_bytes=85582002, tx_bytes=74708472, __msgtype__='ccpm_msgs/msg/NetworkStatus'), ccpm_msgs__msg__NetworkStatus(interface_name='can1', ip='N/A', rx_bytes=84516816, tx_bytes=80019928, __msgtype__='ccpm_msgs/msg/NetworkStatus'), ccpm_msgs__msg__NetworkStatus(interface_name='mlan0', ip='N/A', rx_bytes=0, tx_bytes=0, __msgtype__='ccpm_msgs/msg/NetworkStatus'), ccpm_msgs__msg__NetworkStatus(interface_name='hotspot', ip='192.168.12.1', rx_bytes=790306, tx_bytes=4686915, __msgtype__='ccpm_msgs/msg/NetworkStatus'), ccpm_msgs__msg__NetworkStatus(interface_name='wwan0', ip='100.76.73.254', rx_bytes=4819825, tx_bytes=1497266, __msgtype__='ccpm_msgs/msg/NetworkStatus')]"
2023-12-19 12:11:16.225928044,"std_msgs__msg__Header(stamp=builtin_interfaces__msg__Time(sec=1702987876, nanosec=968300621, __msgtype__='builtin_interfaces/msg/Time'), frame_id='status-246', __msgtype__='std_msgs/msg/Header')",[ 69  97  94 100],3095,3928,3734,29151,21.0,2823,"[ccpm_msgs__msg__NetworkStatus(interface_name='eth0', ip='192.168.4.12', rx_bytes=603630, tx_bytes=133341162, __msgtype__='ccpm_msgs/msg/NetworkStatus'), ccpm_msgs__msg__NetworkStatus(interface_name='can0', ip='N/A', rx_bytes=85600718, tx_bytes=74723320, __msgtype__='ccpm_msgs/msg/NetworkStatus'), ccpm_msgs__msg__NetworkStatus(interface_name='can1', ip='N/A', rx_bytes=84535249, tx_bytes=80036753, __msgtype__='ccpm_msgs/msg/NetworkStatus'), ccpm_msgs__msg__NetworkStatus(interface_name='mlan0', ip='N/A', rx_bytes=0, tx_bytes=0, __msgtype__='ccpm_msgs/msg/NetworkStatus'), ccpm_msgs__msg__NetworkStatus(interface_name='hotspot', ip='192.168.12.1', rx_bytes=790306, tx_bytes=4686915, __msgtype__='ccpm_msgs/msg/NetworkStatus'), ccpm_msgs__msg__NetworkStatus(interface_name='wwan0', ip='100.76.73.254', rx_bytes=4819825, tx_bytes=1497266, __msgtype__='ccpm_msgs/msg/NetworkStatus')]"
2023-12-19 12:11:17.226448982,"std_msgs__msg__Header(stamp=builtin_interfaces__msg__Time(sec=1702987877, nanosec=968861731, __msgtype__='builtin_interfaces/msg/Time'), frame_id='status-247', __msgtype__='std_msgs/msg/Header')",[ 86  96  75 100],3095,3928,3734,29151,20.0,2824,"[ccpm_msgs__msg__NetworkStatus(interface_name='eth0', ip='192.168.4.12', rx_bytes=604160, tx_bytes=134861704, __msgtype__='ccpm_msgs/msg/NetworkStatus'), ccpm_msgs__msg__NetworkStatus(interface_name='can0', ip='N/A', rx_bytes=85619106, tx_bytes=74737840, __msgtype__='ccpm_msgs/msg/NetworkStatus'), ccpm_msgs__msg__NetworkStatus(interface_name='can1', ip='N/A', rx_bytes=84552828, tx_bytes=80052724, __msgtype__='ccpm_msgs/msg/NetworkStatus'), ccpm_msgs__msg__NetworkStatus(interface_name='mlan0', ip='N/A', rx_bytes=0, tx_bytes=0, __msgtype__='ccpm_msgs/msg/NetworkStatus'), ccpm_msgs__msg__NetworkStatus(interface_name='hotspot', ip='192.168.12.1', rx_bytes=790306, tx_bytes=4686915, __msgtype__='ccpm_msgs/msg/NetworkStatus'), ccpm_msgs__msg__NetworkStatus(interface_name='wwan0', ip='100.76.73.254', rx_bytes=4819825, tx_bytes=1497266, __msgtype__='ccpm_msgs/msg/NetworkStatus')]"
2023-12-19 12:11:18.226751659,"std_msgs__msg__Header(stamp=builtin_interfaces__msg__Time(sec=1702987878, nanosec=969117601, __msgtype__='builtin_interfaces/msg/Time'), frame_id='status-248', __msgtype__='std_msgs/msg/Header')",[94 96 61 85],3095,3928,3734,29151,20.0,2825,"[ccpm_msgs__msg__NetworkStatus(interface_name='eth0', ip='192.168.4.12', rx_bytes=604902, tx_bytes=136380540, __msgtype__='ccpm_msgs/msg/NetworkStatus'), ccpm_msgs__msg__NetworkStatus(interface_name='can0', ip='N/A', rx_bytes=85638686, tx_bytes=74753552, __msgtype__='ccpm_msgs/msg/NetworkStatus'), ccpm_msgs__msg__NetworkStatus(interface_name='can1', ip='N/A', rx_bytes=84570729, tx_bytes=80069017, __msgtype__='ccpm_msgs/msg/NetworkStatus'), ccpm_msgs__msg__NetworkStatus(interface_name='mlan0', ip='N/A', rx_bytes=0, tx_bytes=0, __msgtype__='ccpm_msgs/msg/NetworkStatus'), ccpm_msgs__msg__NetworkStatus(interface_name='hotspot', ip='192.168.12.1', rx_bytes=790306, tx_bytes=4686915, __msgtype__='ccpm_msgs/msg/NetworkStatus'), ccpm_msgs__msg__NetworkStatus(interface_name='wwan0', ip='100.76.73.254', rx_bytes=4819825, tx_bytes=1497266, __msgtype__='ccpm_msgs/msg/NetworkStatus')]"
2023-12-19 12:11:19.227176116,"std_msgs__msg__Header(stamp=builtin_interfaces__msg__Time(sec=1702987879, nanosec=969449216, __msgtype__='builtin_interfaces/msg/Time'), frame_id='status-249', __msgtype__='std_msgs/msg/Header')",[96 85 84 70],3094,3928,3734,29151,20.0,2826,"[ccpm_msgs__msg__NetworkStatus(interface_name='eth0', ip='192.168.4.12', rx_bytes=606810, tx_bytes=137757830, __msgtype__='ccpm_msgs/msg/NetworkStatus'), ccpm_msgs__msg__NetworkStatus(interface_name='can0', ip='N/A', rx_bytes=85654690, tx_bytes=74765688, __msgtype__='ccpm_msgs/msg/NetworkStatus'), ccpm_msgs__msg__NetworkStatus(interface_name='can1', ip='N/A', rx_bytes=84586305, tx_bytes=80082985, __msgtype__='ccpm_msgs/msg/NetworkStatus'), ccpm_msgs__msg__NetworkStatus(interface_name='mlan0', ip='N/A', rx_bytes=0, tx_bytes=0, __msgtype__='ccpm_msgs/msg/NetworkStatus'), ccpm_msgs__msg__NetworkStatus(interface_name='hotspot', ip='192.168.12.1', rx_bytes=790306, tx_bytes=4686915, __msgtype__='ccpm_msgs/msg/NetworkStatus'), ccpm_msgs__msg__NetworkStatus(interface_name='wwan0', ip='100.76.73.254', rx_bytes=4819825, tx_bytes=1497266, __msgtype__='ccpm_msgs/msg/NetworkStatus')]"
2023-12-19 12:11:20.227549134,"std_msgs__msg__Header(stamp=builtin_interfaces__msg__Time(sec=1702987880, nanosec=969867825, __msgtype__='builtin_interfaces/msg/Time'), frame_id='status-250', __msgtype__='std_msgs/msg/Header')",[97 90 91 90],3095,3928,3734,29151,20.0,2827,"[ccpm_msgs__msg__NetworkStatus(interface_name='eth0', ip='192.168.4.12', rx_bytes=607234, tx_bytes=139095748, __msgtype__='ccpm_msgs/msg/NetworkStatus'), ccpm_msgs__msg__NetworkStatus(interface_name='can0', ip='N/A', rx_bytes=85671750, tx_bytes=74778872, __msgtype__='ccpm_msgs/msg/NetworkStatus'), ccpm_msgs__msg__NetworkStatus(interface_name='can1', ip='N/A', rx_bytes=84603704, tx_bytes=80098776, __msgtype__='ccpm_msgs/msg/NetworkStatus'), ccpm_msgs__msg__NetworkStatus(interface_name='mlan0', ip='N/A', rx_bytes=0, tx_bytes=0, __msgtype__='ccpm_msgs/msg/NetworkStatus'), ccpm_msgs__msg__NetworkStatus(interface_name='hotspot', ip='192.168.12.1', rx_bytes=790306, tx_bytes=4686915, __msgtype__='ccpm_msgs/msg/NetworkStatus'), ccpm_msgs__msg__NetworkStatus(interface_name='wwan0', ip='100.76.73.254', rx_bytes=4819825, tx_bytes=1497266, __msgtype__='ccpm_msgs/msg/NetworkStatus')]"
2023-12-19 12:11:21.227991943,"std_msgs__msg__Header(stamp=builtin_interfaces__msg__Time(sec=1702987881, nanosec=970209186, __msgtype__='builtin_interfaces/msg/Time'), frame_id='status-251', __msgtype__='std_msgs/msg/Header')",[89 97 92 81],3095,3928,3734,29151,20.0,2828,"[ccpm_msgs__msg__NetworkStatus(interface_name='eth0', ip='192.168.4.12', rx_bytes=607764, tx_bytes=140492666, __msgtype__='ccpm_msgs/msg/NetworkStatus'), ccpm_msgs__msg__NetworkStatus(interface_name='can0', ip='N/A', rx_bytes=85690082, tx_bytes=74793328, __msgtype__='ccpm_msgs/msg/NetworkStatus'), ccpm_msgs__msg__NetworkStatus(interface_name='can1', ip='N/A', rx_bytes=84621583, tx_bytes=80115047, __msgtype__='ccpm_msgs/msg/NetworkStatus'), ccpm_msgs__msg__NetworkStatus(interface_name='mlan0', ip='N/A', rx_bytes=0, tx_bytes=0, __msgtype__='ccpm_msgs/msg/NetworkStatus'), ccpm_msgs__msg__NetworkStatus(interface_name='hotspot', ip='192.168.12.1', rx_bytes=790306, tx_bytes=4686915, __msgtype__='ccpm_msgs/msg/NetworkStatus'), ccpm_msgs__msg__NetworkStatus(interface_name='wwan0', ip='100.76.73.254', rx_bytes=4819825, tx_bytes=1497266, __msgtype__='ccpm_msgs/msg/NetworkStatus')]"
2023-12-19 12:11:22.228370986,"std_msgs__msg__Header(stamp=builtin_interfaces__msg__Time(sec=1702987882, nanosec=970616042, __msgtype__='builtin_interfaces/msg/Time'), frame_id='status-252', __msgtype__='std_msgs/msg/Header')",[84 97 92 76],3095,3928,3734,29151,20.0,2829,"[ccpm_msgs__msg__NetworkStatus(interface_name='eth0', ip='192.168.4.12', rx_bytes=609142, tx_bytes=141797554, __msgtype__='ccpm_msgs/msg/NetworkStatus'), ccpm_msgs__msg__NetworkStatus(interface_name='can0', ip='N/A', rx_bytes=85707166, tx_bytes=74806536, __msgtype__='ccpm_msgs/msg/NetworkStatus'), ccpm_msgs__msg__NetworkStatus(interface_name='can1', ip='N/A', rx_bytes=84638102, tx_bytes=80129958, __msgtype__='ccpm_msgs/msg/NetworkStatus'), ccpm_msgs__msg__NetworkStatus(interface_name='mlan0', ip='N/A', rx_bytes=0, tx_bytes=0, __msgtype__='ccpm_msgs/msg/NetworkStatus'), ccpm_msgs__msg__NetworkStatus(interface_name='hotspot', ip='192.168.12.1', rx_bytes=790306, tx_bytes=4686915, __msgtype__='ccpm_msgs/msg/NetworkStatus'), ccpm_msgs__msg__NetworkStatus(interface_name='wwan0', ip='100.76.73.254', rx_bytes=4819825, tx_bytes=1497266, __msgtype__='ccpm_msgs/msg/NetworkStatus')]"
2023-12-19 12:11:23.228674463,"std_msgs__msg__Header(stamp=builtin_interfaces__msg__Time(sec=1702987883, nanosec=970962648, __msgtype__='builtin_interfaces/msg/Time'), frame_id='status-253', __msgtype__='std_msgs/msg/Header')",[97 97 77 87],3094,3928,3734,29151,19.0,2830,"[ccpm_msgs__msg__NetworkStatus(interface_name='eth0', ip='192.168.4.12', rx_bytes=610202, tx_bytes=143196440, __msgtype__='ccpm_msgs/msg/NetworkStatus'), ccpm_msgs__msg__NetworkStatus(interface_name='can0', ip='N/A', rx_bytes=85725154, tx_bytes=74820656, __msgtype__='ccpm_msgs/msg/NetworkStatus'), ccpm_msgs__msg__NetworkStatus(interface_name='can1', ip='N/A', rx_bytes=84655995, tx_bytes=80146243, __msgtype__='ccpm_msgs/msg/NetworkStatus'), ccpm_msgs__msg__NetworkStatus(interface_name='mlan0', ip='N/A', rx_bytes=0, tx_bytes=0, __msgtype__='ccpm_msgs/msg/NetworkStatus'), ccpm_msgs__msg__NetworkStatus(interface_name='hotspot', ip='192.168.12.1', rx_bytes=790306, tx_bytes=4686915, __msgtype__='ccpm_msgs/msg/NetworkStatus'), ccpm_msgs__msg__NetworkStatus(interface_name='wwan0', ip='100.76.73.254', rx_bytes=4819825, tx_bytes=1497266, __msgtype__='ccpm_msgs/msg/NetworkStatus')]"
2023-12-19 12:11:24.229052308,"std_msgs__msg__Header(stamp=builtin_interfaces__msg__Time(sec=1702987884, nanosec=971239255, __msgtype__='builtin_interfaces/msg/Time'), frame_id='status-254', __msgtype__='std_msgs/msg/Header')",[87 98 88 80],3093,3928,3734,29151,19.0,2831,"[ccpm_msgs__msg__NetworkStatus(interface_name='eth0', ip='192.168.4.12', rx_bytes=611046, tx_bytes=144381542, __msgtype__='ccpm_msgs/msg/NetworkStatus'), ccpm_msgs__msg__NetworkStatus(interface_name='can0', ip='N/A', rx_bytes=85741102, tx_bytes=74832816, __msgtype__='ccpm_msgs/msg/NetworkStatus'), ccpm_msgs__msg__NetworkStatus(interface_name='can1', ip='N/A', rx_bytes=84672000, tx_bytes=80160704, __msgtype__='ccpm_msgs/msg/NetworkStatus'), ccpm_msgs__msg__NetworkStatus(interface_name='mlan0', ip='N/A', rx_bytes=0, tx_bytes=0, __msgtype__='ccpm_msgs/msg/NetworkStatus'), ccpm_msgs__msg__NetworkStatus(interface_name='hotspot', ip='192.168.12.1', rx_bytes=794681, tx_bytes=4686915, __msgtype__='ccpm_msgs/msg/NetworkStatus'), ccpm_msgs__msg__NetworkStatus(interface_name='wwan0', ip='100.76.73.254', rx_bytes=4819825, tx_bytes=1497266, __msgtype__='ccpm_msgs/msg/NetworkStatus')]"
2023-12-19 12:11:25.229401778,"std_msgs__msg__Header(stamp=builtin_interfaces__msg__Time(sec=1702987885, nanosec=971620981, __msgtype__='builtin_interfaces/msg/Time'), frame_id='status-255', __msgtype__='std_msgs/msg/Header')",[ 65  96 100  90],3093,3928,3734,29151,19.0,2832,"[ccpm_msgs__msg__NetworkStatus(interface_name='eth0', ip='192.168.4.12', rx_bytes=611470, tx_bytes=145943534, __msgtype__='ccpm_msgs/msg/NetworkStatus'), ccpm_msgs__msg__NetworkStatus(interface_name='can0', ip='N/A', rx_bytes=85760970, tx_bytes=74848736, __msgtype__='ccpm_msgs/msg/NetworkStatus'), ccpm_msgs__msg__NetworkStatus(interface_name='can1', ip='N/A', rx_bytes=84691168, tx_bytes=80178192, __msgtype__='ccpm_msgs/msg/NetworkStatus'), ccpm_msgs__msg__NetworkStatus(interface_name='mlan0', ip='N/A', rx_bytes=0, tx_bytes=0, __msgtype__='ccpm_msgs/msg/NetworkStatus'), ccpm_msgs__msg__NetworkStatus(interface_name='hotspot', ip='192.168.12.1', rx_bytes=796508, tx_bytes=4686915, __msgtype__='ccpm_msgs/msg/NetworkStatus'), ccpm_msgs__msg__NetworkStatus(interface_name='wwan0', ip='100.76.73.254', rx_bytes=4819825, tx_bytes=1497266, __msgtype__='ccpm_msgs/msg/NetworkStatus')]"
2023-12-19 12:11:26.229869397,"std_msgs__msg__Header(stamp=builtin_interfaces__msg__Time(sec=1702987886, nanosec=971977831, __msgtype__='builtin_interfaces/msg/Time'), frame_id='status-0', __msgtype__='std_msgs/msg/Header')",[ 85 100  97  93],3093,3928,3734,29151,19.0,2833,"[ccpm_msgs__msg__NetworkStatus(interface_name='eth0', ip='192.168.4.12', rx_bytes=612318, tx_bytes=147530930, __msgtype__='ccpm_msgs/msg/NetworkStatus'), ccpm_msgs__msg__NetworkStatus(interface_name='can0', ip='N/A', rx_bytes=85780469, tx_bytes=74864360, __msgtype__='ccpm_msgs/msg/NetworkStatus'), ccpm_msgs__msg__NetworkStatus(interface_name='can1', ip='N/A', rx_bytes=84709194, tx_bytes=80194602, __msgtype__='ccpm_msgs/msg/NetworkStatus'), ccpm_msgs__msg__NetworkStatus(interface_name='mlan0', ip='N/A', rx_bytes=0, tx_bytes=0, __msgtype__='ccpm_msgs/msg/NetworkStatus'), ccpm_msgs__msg__NetworkStatus(interface_name='hotspot', ip='192.168.12.1', rx_bytes=798172, tx_bytes=4686915, __msgtype__='ccpm_msgs/msg/NetworkStatus'), ccpm_msgs__msg__NetworkStatus(interface_name='wwan0', ip='100.76.73.254', rx_bytes=4819825, tx_bytes=1497266, __msgtype__='ccpm_msgs/msg/NetworkStatus')]"
2023-12-19 12:11:27.230288991,"std_msgs__msg__Header(stamp=builtin_interfaces__msg__Time(sec=1702987887, nanosec=972408926, __msgtype__='builtin_interfaces/msg/Time'), frame_id='status-1', __msgtype__='std_msgs/msg/Header')",[100  96  88  81],3093,3928,3734,29151,19.0,2834,"[ccpm_msgs__msg__NetworkStatus(interface_name='eth0', ip='192.168.4.12', rx_bytes=614226, tx_bytes=149057866, __msgtype__='ccpm_msgs/msg/NetworkStatus'), ccpm_msgs__msg__NetworkStatus(interface_name='can0', ip='N/A', rx_bytes=85799489, tx_bytes=74879496, __msgtype__='ccpm_msgs/msg/NetworkStatus'), ccpm_msgs__msg__NetworkStatus(interface_name='can1', ip='N/A', rx_bytes=84727682, tx_bytes=80211482, __msgtype__='ccpm_msgs/msg/NetworkStatus'), ccpm_msgs__msg__NetworkStatus(interface_name='mlan0', ip='N/A', rx_bytes=0, tx_bytes=0, __msgtype__='ccpm_msgs/msg/NetworkStatus'), ccpm_msgs__msg__NetworkStatus(interface_name='hotspot', ip='192.168.12.1', rx_bytes=800403, tx_bytes=4691879, __msgtype__='ccpm_msgs/msg/NetworkStatus'), ccpm_msgs__msg__NetworkStatus(interface_name='wwan0', ip='100.76.73.254', rx_bytes=4819825, tx_bytes=1497266, __msgtype__='ccpm_msgs/msg/NetworkStatus')]"
